Breed,breedCode2,Group,HeadWeight,ForequartersWeight,HindquartersWeight,GaitWeight,CoatWeight,SizeWeight,TemperamentWeight,ShowShineWeight,FeetWeight,ToplineWeight,RulesVersion,IsActive,Source,Notes
Labrador Retriever,LR,Sporting,7.00,11.00,11.00,11.00,11.00,11.00,11.00,7.00,10.00,10.00,breed-judging-v1,TRUE,ShowRing_BreedStandards.xlsx/Sheet1,
Golden Retriever,GR,Sporting,7.00,11.00,11.00,11.00,10.00,11.00,11.00,8.00,10.00,10.00,breed-judging-v1,TRUE,ShowRing_BreedStandards.xlsx/Sheet1,
German Shorthaired Pointer,GP,Sporting,10.00,11.00,11.00,11.00,9.00,10.00,10.00,8.00,10.00,10.00,breed-judging-v1,TRUE,ShowRing_BreedStandards.xlsx/Sheet1,
Saluki,SL,Hound,9.00,11.00,11.00,11.00,10.00,10.00,10.00,8.00,10.00,10.00,breed-judging-v1,TRUE,ShowRing_BreedStandards.xlsx/Sheet1,
Irish Wolfhound,IW,Hound,10.00,11.00,11.00,10.00,10.00,11.00,10.00,7.00,10.00,10.00,breed-judging-v1,TRUE,ShowRing_BreedStandards.xlsx/Sheet1,
Beagle,BG,Hound,11.00,10.00,10.00,10.00,9.00,12.00,10.00,8.00,10.00,10.00,breed-judging-v1,TRUE,ShowRing_BreedStandards.xlsx/Sheet1,
Boxer,BX,Working,9.00,11.00,11.00,11.00,9.00,10.00,10.00,9.00,10.00,10.00,breed-judging-v1,TRUE,ShowRing_BreedStandards.xlsx/Sheet1,
Rottweiler,RT,Working,10.00,11.00,11.00,11.00,9.00,10.00,11.00,7.00,10.00,10.00,breed-judging-v1,TRUE,ShowRing_BreedStandards.xlsx/Sheet1,
Leonberger,LB,Working,8.00,11.00,11.00,10.00,11.00,11.00,10.00,8.00,10.00,10.00,breed-judging-v1,TRUE,ShowRing_BreedStandards.xlsx/Sheet1,
Staffordshire Bull Terrier,SB,Terrier,11.00,11.00,11.00,10.00,9.00,10.00,11.00,7.00,10.00,10.00,breed-judging-v1,TRUE,ShowRing_BreedStandards.xlsx/Sheet1,
Bedlington Terrier,BO,Terrier,10.00,10.00,10.00,10.00,11.00,10.00,10.00,9.00,10.00,10.00,breed-judging-v1,TRUE,ShowRing_BreedStandards.xlsx/Sheet1,
Norwich Terrier,NW,Terrier,12.00,10.00,10.00,10.00,10.00,10.00,10.00,8.00,10.00,10.00,breed-judging-v1,TRUE,ShowRing_BreedStandards.xlsx/Sheet1,
Chihuahua,CH,Toy,13.00,9.00,9.00,9.00,10.00,12.00,10.00,9.00,9.00,10.00,breed-judging-v1,TRUE,ShowRing_BreedStandards.xlsx/Sheet1,
Italian Greyhound,IG,Toy,9.00,11.00,11.00,11.00,9.00,10.00,10.00,9.00,10.00,10.00,breed-judging-v1,TRUE,ShowRing_BreedStandards.xlsx/Sheet1,
Brussels Griffon,BQ,Toy,13.00,9.00,9.00,9.00,12.00,10.00,10.00,9.00,9.00,10.00,breed-judging-v1,TRUE,ShowRing_BreedStandards.xlsx/Sheet1,
Poodle Standard,PS,Non-Sporting,12.00,9.00,9.00,9.00,12.00,11.00,9.00,11.00,9.00,9.00,breed-judging-v1,TRUE,ShowRing_BreedStandards.xlsx/Sheet1,Source breed label 'Standard Poodle' mapped to canonical breeds.csv name 'Poodle Standard'.
Bulldog,BD,Non-Sporting,11.00,11.00,11.00,8.00,9.00,11.00,11.00,8.00,11.00,9.00,breed-judging-v1,TRUE,ShowRing_BreedStandards.xlsx/Sheet1,
French Bulldog,FB,Non-Sporting,14.00,9.00,9.00,8.00,9.00,12.00,12.00,9.00,9.00,9.00,breed-judging-v1,TRUE,ShowRing_BreedStandards.xlsx/Sheet1,
German Shepherd Dog,GM,Herding,10.00,11.00,11.00,11.00,8.00,10.00,11.00,7.00,10.00,11.00,breed-judging-v1,TRUE,ShowRing_BreedStandards.xlsx/Sheet1,
Border Collie,BC,Herding,10.00,11.00,11.00,11.00,9.00,10.00,11.00,7.00,10.00,10.00,breed-judging-v1,TRUE,ShowRing_BreedStandards.xlsx/Sheet1,
Australian Shepherd,AS,Herding,8.00,11.00,11.00,11.00,10.00,10.00,10.00,9.00,10.00,10.00,breed-judging-v1,TRUE,ShowRing_BreedStandards.xlsx/Sheet1,
Chesapeake Bay Retriever,CB,Sporting,9.00,11.00,11.00,10.00,12.00,10.00,10.00,7.00,10.00,10.00,breed-judging-v1,TRUE,ShowRing_BreedStandards.xlsx/Sheet1,
Vizsla,VZ,Sporting,10.00,11.00,11.00,11.00,9.00,11.00,10.00,7.00,10.00,10.00,breed-judging-v1,TRUE,ShowRing_BreedStandards.xlsx/Sheet1,
Weimaraner,WM,Sporting,10.00,11.00,11.00,11.00,9.00,11.00,10.00,7.00,10.00,10.00,breed-judging-v1,TRUE,ShowRing_BreedStandards.xlsx/Sheet1,
Greyhound,GH,Hound,10.00,11.00,11.00,13.00,8.00,10.00,9.00,8.00,10.00,10.00,breed-judging-v1,TRUE,ShowRing_BreedStandards.xlsx/Sheet1,
Pharaoh Hound,PH,Hound,11.00,10.00,10.00,12.00,9.00,10.00,10.00,8.00,10.00,10.00,breed-judging-v1,TRUE,ShowRing_BreedStandards.xlsx/Sheet1,
Great Dane,GD,Working,10.00,11.00,11.00,10.00,9.00,12.00,10.00,7.00,10.00,10.00,breed-judging-v1,TRUE,ShowRing_BreedStandards.xlsx/Sheet1,
Bernese Mountain Dog,MD,Working,9.00,11.00,11.00,10.00,10.00,10.00,10.00,9.00,10.00,10.00,breed-judging-v1,TRUE,ShowRing_BreedStandards.xlsx/Sheet1,
Cane Corso,CC,Working,11.00,11.00,11.00,10.00,9.00,10.00,11.00,7.00,10.00,10.00,breed-judging-v1,TRUE,ShowRing_BreedStandards.xlsx/Sheet1,
Scottish Terrier,SC,Terrier,9.00,11.00,11.00,10.00,11.00,10.00,10.00,8.00,10.00,10.00,breed-judging-v1,TRUE,ShowRing_BreedStandards.xlsx/Sheet1,
Welsh Terrier,WT,Terrier,8.00,11.00,11.00,11.00,11.00,10.00,10.00,8.00,10.00,10.00,breed-judging-v1,TRUE,ShowRing_BreedStandards.xlsx/Sheet1,
Papillon,PP,Toy,10.00,10.00,10.00,10.00,10.00,11.00,10.00,9.00,10.00,10.00,breed-judging-v1,TRUE,ShowRing_BreedStandards.xlsx/Sheet1,
Toy Poodle,TP,Toy,12.00,9.00,9.00,9.00,12.00,11.00,9.00,11.00,9.00,9.00,breed-judging-v1,TRUE,ShowRing_BreedStandards.xlsx/Sheet1,
Chinese Crested,CI,Toy,10.00,10.00,10.00,10.00,11.00,10.00,10.00,9.00,10.00,10.00,breed-judging-v1,TRUE,ShowRing_BreedStandards.xlsx/Sheet1,
Dalmatian,DL,Non-Sporting,10.00,11.00,11.00,11.00,9.00,11.00,10.00,7.00,10.00,10.00,breed-judging-v1,TRUE,ShowRing_BreedStandards.xlsx/Sheet1,
Chow Chow,CO,Non-Sporting,11.00,10.00,10.00,9.00,11.00,10.00,10.00,9.00,10.00,10.00,breed-judging-v1,TRUE,ShowRing_BreedStandards.xlsx/Sheet1,
Schipperke,SK,Non-Sporting,12.00,10.00,10.00,10.00,10.00,10.00,10.00,8.00,10.00,10.00,breed-judging-v1,TRUE,ShowRing_BreedStandards.xlsx/Sheet1,
Belgian Sheepdog,AY,Herding,9.00,11.00,11.00,10.00,10.00,10.00,10.00,9.00,10.00,10.00,breed-judging-v1,TRUE,ShowRing_BreedStandards.xlsx/Sheet1,
Briard,BR,Herding,10.00,10.00,10.00,10.00,11.00,10.00,10.00,9.00,10.00,10.00,breed-judging-v1,TRUE,ShowRing_BreedStandards.xlsx/Sheet1,
Puli,PU,Herding,10.00,10.00,10.00,9.00,13.00,10.00,10.00,8.00,10.00,10.00,breed-judging-v1,TRUE,ShowRing_BreedStandards.xlsx/Sheet1,
American Pit Bull Terrier,PB,Terrier,10.90,10.89,10.89,10.89,8.91,9.90,10.89,6.93,9.90,9.90,breed-judging-v1,TRUE,ShowRing_BreedStandards.xlsx/Sheet1,Source Suggested % total was 101.00; explicitly proportionally normalized to 100.00 for JUDGE-01 validation.
Borzoi,BZ,Hound,9.00,11.00,11.00,11.00,10.00,10.00,10.00,8.00,10.00,10.00,breed-judging-v1,TRUE,ShowRing_BreedStandards.xlsx/Sheet1,
Nova Scotia Duck Tolling Retriever,DT,Sporting,12.00,10.00,10.00,10.00,10.00,10.00,10.00,8.00,10.00,10.00,breed-judging-v1,TRUE,ShowRing_BreedStandards.xlsx/Sheet1,
Gordon Setter,GS,Sporting,10.00,10.00,10.00,10.00,11.00,10.00,10.00,9.00,10.00,10.00,breed-judging-v1,TRUE,ShowRing_BreedStandards.xlsx/Sheet1,
Irish Setter,IS,Sporting,9.00,10.00,10.00,10.00,11.00,10.00,10.00,10.00,10.00,10.00,breed-judging-v1,TRUE,ShowRing_BreedStandards.xlsx/Sheet1,
Bloodhound,BL,Hound,14.00,10.00,10.00,9.00,9.00,10.00,10.00,8.00,10.00,10.00,breed-judging-v1,TRUE,ShowRing_BreedStandards.xlsx/Sheet1,
Tibetan Mastiff,TM,Working,10.00,10.00,10.00,10.00,11.00,11.00,11.00,7.00,10.00,10.00,breed-judging-v1,TRUE,ShowRing_BreedStandards.xlsx/Sheet1,
Samoyed,SY,Working,8.00,10.00,10.00,10.00,12.00,10.00,10.00,10.00,10.00,10.00,breed-judging-v1,TRUE,ShowRing_BreedStandards.xlsx/Sheet1,
Airedale Terrier,AT,Terrier,8.00,11.00,11.00,11.00,11.00,10.00,10.00,8.00,10.00,10.00,breed-judging-v1,TRUE,ShowRing_BreedStandards.xlsx/Sheet1,
Bull Terrier,BU,Terrier,12.00,10.00,10.00,10.00,9.00,10.00,11.00,8.00,10.00,10.00,breed-judging-v1,TRUE,ShowRing_BreedStandards.xlsx/Sheet1,
Parson Russell Terrier,PR,Terrier,9.00,11.00,11.00,11.00,9.00,11.00,11.00,7.00,10.00,10.00,breed-judging-v1,TRUE,ShowRing_BreedStandards.xlsx/Sheet1,
Affenpinscher,AP,Toy,13.00,9.00,9.00,9.00,12.00,10.00,10.00,9.00,9.00,10.00,breed-judging-v1,TRUE,ShowRing_BreedStandards.xlsx/Sheet1,
Cavalier King Charles Spaniel,CK,Toy,10.00,10.00,10.00,10.00,10.00,10.00,11.00,9.00,10.00,10.00,breed-judging-v1,TRUE,ShowRing_BreedStandards.xlsx/Sheet1,
Havanese,HV,Toy,9.00,10.00,10.00,10.00,11.00,11.00,10.00,9.00,10.00,10.00,breed-judging-v1,TRUE,ShowRing_BreedStandards.xlsx/Sheet1,
Shiba Inu,SI,Non-Sporting,10.00,10.00,10.00,10.00,10.00,11.00,11.00,8.00,10.00,10.00,breed-judging-v1,TRUE,ShowRing_BreedStandards.xlsx/Sheet1,
Lhasa Apso,LA,Non-Sporting,11.00,9.00,9.00,9.00,13.00,10.00,10.00,10.00,9.00,10.00,breed-judging-v1,TRUE,ShowRing_BreedStandards.xlsx/Sheet1,
Boston Terrier,BS,Non-Sporting,12.00,10.00,10.00,10.00,9.00,10.00,10.00,9.00,10.00,10.00,breed-judging-v1,TRUE,ShowRing_BreedStandards.xlsx/Sheet1,
Smooth Collie,SO,Herding,9.00,10.00,10.00,10.00,11.00,10.00,10.00,10.00,10.00,10.00,breed-judging-v1,TRUE,ShowRing_BreedStandards.xlsx/Sheet1,Source breed label 'Collie' mapped to canonical breeds.csv name 'Smooth Collie'.
Komondor,KM,Herding,10.00,10.00,10.00,9.00,13.00,10.00,10.00,8.00,10.00,10.00,breed-judging-v1,TRUE,ShowRing_BreedStandards.xlsx/Sheet1,
Canaan Dog,CG,Herding,11.00,10.00,10.00,10.00,9.00,10.00,12.00,8.00,10.00,10.00,breed-judging-v1,TRUE,ShowRing_BreedStandards.xlsx/Sheet1,
American Bulldog,AB,Working,11.00,11.00,11.00,11.00,9.00,11.00,11.00,6.00,9.00,10.00,breed-judging-v1,TRUE,ShowRing_BreedStandards.xlsx/Sheet1,
Otterhound,OH,Hound,11.00,10.00,10.00,10.00,11.00,10.00,10.00,8.00,10.00,10.00,breed-judging-v1,TRUE,ShowRing_BreedStandards.xlsx/Sheet1,
Harrier,HR,Hound,10.00,11.00,11.00,11.00,9.00,10.00,10.00,8.00,10.00,10.00,breed-judging-v1,TRUE,ShowRing_BreedStandards.xlsx/Sheet1,
Wirehaired Vizsla,WV,Sporting,11.00,10.00,10.00,10.00,11.00,10.00,10.00,8.00,10.00,10.00,breed-judging-v1,TRUE,ShowRing_BreedStandards.xlsx/Sheet1,
Pointer,PT,Sporting,11.00,11.00,11.00,11.00,8.00,10.00,10.00,8.00,10.00,10.00,breed-judging-v1,TRUE,ShowRing_BreedStandards.xlsx/Sheet1,
Spinone Italiano,SP,Sporting,9.00,11.00,11.00,10.00,11.00,10.00,10.00,7.00,10.00,11.00,breed-judging-v1,TRUE,ShowRing_BreedStandards.xlsx/Sheet1,
Whippet,WP,Hound,9.00,11.00,11.00,12.00,8.00,11.00,10.00,7.00,11.00,10.00,breed-judging-v1,TRUE,ShowRing_BreedStandards.xlsx/Sheet1,
Redbone Coonhound,RB,Hound,10.00,11.00,11.00,11.00,9.00,10.00,10.00,8.00,10.00,10.00,breed-judging-v1,TRUE,ShowRing_BreedStandards.xlsx/Sheet1,
Saint Bernard,SA,Working,9.00,11.00,11.00,10.00,10.00,11.00,10.00,8.00,10.00,10.00,breed-judging-v1,TRUE,ShowRing_BreedStandards.xlsx/Sheet1,
Greater Swiss Mountain Dog,SW,Working,10.00,11.00,11.00,10.00,9.00,11.00,10.00,8.00,10.00,10.00,breed-judging-v1,TRUE,ShowRing_BreedStandards.xlsx/Sheet1,
Siberian Husky,SH,Working,9.00,11.00,11.00,11.00,11.00,10.00,10.00,7.00,10.00,10.00,breed-judging-v1,TRUE,ShowRing_BreedStandards.xlsx/Sheet1,
American Staffordshire Terrier,ST,Terrier,11.00,11.00,11.00,10.00,9.00,10.00,11.00,7.00,10.00,10.00,breed-judging-v1,TRUE,ShowRing_BreedStandards.xlsx/Sheet1,
Border Terrier,TB,Terrier,12.00,10.00,10.00,10.00,10.00,10.00,10.00,8.00,10.00,10.00,breed-judging-v1,TRUE,ShowRing_BreedStandards.xlsx/Sheet1,
Dandie Dinmont Terrier,DD,Terrier,12.00,10.00,10.00,9.00,11.00,10.00,10.00,8.00,10.00,10.00,breed-judging-v1,TRUE,ShowRing_BreedStandards.xlsx/Sheet1,
Maltese,ML,Toy,11.00,9.00,9.00,9.00,13.00,10.00,10.00,10.00,9.00,10.00,breed-judging-v1,TRUE,ShowRing_BreedStandards.xlsx/Sheet1,
Shih Tzu,SZ,Toy,7.00,10.00,10.00,10.00,12.00,10.00,11.00,10.00,10.00,10.00,breed-judging-v1,TRUE,ShowRing_BreedStandards.xlsx/Sheet1,
Yorkshire Terrier,YT,Toy,10.00,9.00,9.00,9.00,13.00,11.00,10.00,10.00,9.00,10.00,breed-judging-v1,TRUE,ShowRing_BreedStandards.xlsx/Sheet1,
American Eskimo Dog,AE,Non-Sporting,9.00,10.00,10.00,10.00,11.00,11.00,10.00,9.00,10.00,10.00,breed-judging-v1,TRUE,ShowRing_BreedStandards.xlsx/Sheet1,
Tibetan Spaniel,TS,Non-Sporting,12.00,9.00,9.00,9.00,11.00,11.00,11.00,8.00,9.00,11.00,breed-judging-v1,TRUE,ShowRing_BreedStandards.xlsx/Sheet1,
Xoloitzcuintli,XL,Non-Sporting,11.00,10.00,10.00,10.00,10.00,11.00,10.00,8.00,10.00,10.00,breed-judging-v1,TRUE,ShowRing_BreedStandards.xlsx/Sheet1,
Old English Sheepdog,OE,Herding,10.00,10.00,10.00,9.00,12.00,10.00,10.00,9.00,10.00,10.00,breed-judging-v1,TRUE,ShowRing_BreedStandards.xlsx/Sheet1,
Belgian Malinois,BM,Herding,10.00,11.00,11.00,11.00,9.00,10.00,11.00,7.00,10.00,10.00,breed-judging-v1,TRUE,ShowRing_BreedStandards.xlsx/Sheet1,
Bouvier des Flandres,BV,Herding,8.00,11.00,11.00,10.00,11.00,10.00,10.00,9.00,10.00,10.00,breed-judging-v1,TRUE,ShowRing_BreedStandards.xlsx/Sheet1,
Petit Basset Griffon Vendeen,PV,Hound,10.00,10.00,10.00,10.00,11.00,11.00,10.00,8.00,10.00,10.00,breed-judging-v1,TRUE,ShowRing_BreedStandards.xlsx/Sheet1,
Brittany,BY,Sporting,10.00,11.00,11.00,11.00,9.00,11.00,10.00,7.00,10.00,10.00,breed-judging-v1,TRUE,ShowRing_BreedStandards.xlsx/Sheet1,
English Setter,ES,Sporting,10.00,10.00,10.00,10.00,11.00,10.00,10.00,9.00,10.00,10.00,breed-judging-v1,TRUE,ShowRing_BreedStandards.xlsx/Sheet1,
Bracco Italiano,BI,Sporting,11.00,11.00,11.00,11.00,8.00,10.00,10.00,8.00,10.00,10.00,breed-judging-v1,TRUE,ShowRing_BreedStandards.xlsx/Sheet1,
Scottish Deerhound,SD,Hound,9.00,11.00,11.00,11.00,11.00,11.00,9.00,7.00,11.00,9.00,breed-judging-v1,TRUE,ShowRing_BreedStandards.xlsx/Sheet1,
Ibizan Hound,IH,Hound,10.00,11.00,11.00,11.00,9.00,10.00,10.00,8.00,10.00,10.00,breed-judging-v1,TRUE,ShowRing_BreedStandards.xlsx/Sheet1,
English Foxhound,EX,Hound,10.00,11.00,11.00,11.00,9.00,10.00,10.00,7.00,11.00,10.00,breed-judging-v1,TRUE,ShowRing_BreedStandards.xlsx/Sheet1,
Doberman Pinscher,DP,Working,10.00,11.00,11.00,11.00,8.00,10.00,11.00,8.00,10.00,10.00,breed-judging-v1,TRUE,ShowRing_BreedStandards.xlsx/Sheet1,
Dogue de Bordeaux,DB,Working,10.00,11.00,11.00,10.00,9.00,11.00,11.00,7.00,10.00,10.00,breed-judging-v1,TRUE,ShowRing_BreedStandards.xlsx/Sheet1,
West Highland White Terrier,WH,Terrier,10.00,10.00,10.00,10.00,11.00,10.00,10.00,9.00,10.00,10.00,breed-judging-v1,TRUE,ShowRing_BreedStandards.xlsx/Sheet1,
Toy Fox Terrier,TF,Terrier,12.00,10.00,10.00,10.00,9.00,11.00,10.00,8.00,10.00,10.00,breed-judging-v1,TRUE,ShowRing_BreedStandards.xlsx/Sheet1,
Pekingese,PK,Toy,13.00,9.00,9.00,8.00,12.00,12.00,10.00,9.00,9.00,9.00,breed-judging-v1,TRUE,ShowRing_BreedStandards.xlsx/Sheet1,
Japanese Chin,JC,Toy,11.00,9.00,9.00,9.00,11.00,11.00,11.00,9.00,9.00,11.00,breed-judging-v1,TRUE,ShowRing_BreedStandards.xlsx/Sheet1,
Miniature Pinscher,MP,Toy,11.00,10.00,10.00,11.00,9.00,11.00,10.00,8.00,10.00,10.00,breed-judging-v1,TRUE,ShowRing_BreedStandards.xlsx/Sheet1,
Poodle Miniature,PM,Non-Sporting,12.00,9.00,9.00,9.00,12.00,11.00,9.00,11.00,9.00,9.00,breed-judging-v1,TRUE,ShowRing_BreedStandards.xlsx/Sheet1,Source breed label 'Miniature Poodle' mapped to canonical breeds.csv name 'Poodle Miniature'.
Tibetan Terrier,TT,Non-Sporting,9.00,10.00,10.00,10.00,11.00,10.00,10.00,9.00,11.00,10.00,breed-judging-v1,TRUE,ShowRing_BreedStandards.xlsx/Sheet1,
Coton de Tulear,CU,Non-Sporting,10.00,9.00,9.00,9.00,13.00,11.00,10.00,10.00,9.00,10.00,breed-judging-v1,TRUE,ShowRing_BreedStandards.xlsx/Sheet1,
Shetland Sheepdog,SS,Herding,8.00,10.00,10.00,10.00,11.00,11.00,10.00,10.00,10.00,10.00,breed-judging-v1,TRUE,ShowRing_BreedStandards.xlsx/Sheet1,
Belgian Tervuren,AV,Herding,8.00,11.00,11.00,10.00,11.00,10.00,10.00,9.00,10.00,10.00,breed-judging-v1,TRUE,ShowRing_BreedStandards.xlsx/Sheet1,
Beauceron,BE,Herding,10.00,11.00,11.00,10.00,9.00,11.00,10.00,8.00,10.00,10.00,breed-judging-v1,TRUE,ShowRing_BreedStandards.xlsx/Sheet1,
Dogo Argentino,DA,Working,10.00,11.00,11.00,10.00,9.00,11.00,11.00,7.00,10.00,10.00,breed-judging-v1,TRUE,ShowRing_BreedStandards.xlsx/Sheet1,
Kerry Blue Terrier,KB,Terrier,8.00,10.00,10.00,10.00,12.00,10.00,10.00,10.00,10.00,10.00,breed-judging-v1,TRUE,ShowRing_BreedStandards.xlsx/Sheet1,
Curly-Coated Retriever,CR,Sporting,10.00,10.00,10.00,10.00,12.00,10.00,10.00,8.00,10.00,10.00,breed-judging-v1,TRUE,ShowRing_BreedStandards.xlsx/Sheet1,
Lagotto Romagnolo,LG,Sporting,10.00,10.00,10.00,10.00,12.00,11.00,10.00,7.00,10.00,10.00,breed-judging-v1,TRUE,ShowRing_BreedStandards.xlsx/Sheet1,
Small Munsterlander,SM,Sporting,8.00,11.00,11.00,11.00,10.00,11.00,10.00,8.00,10.00,10.00,breed-judging-v1,TRUE,ShowRing_BreedStandards.xlsx/Sheet1,
Afghan Hound,AF,Hound,11.00,9.00,11.00,11.00,12.00,9.00,9.00,8.00,11.00,9.00,breed-judging-v1,TRUE,ShowRing_BreedStandards.xlsx/Sheet1,
Basset Hound,BH,Hound,11.00,11.00,10.00,9.00,10.00,11.00,10.00,8.00,10.00,10.00,breed-judging-v1,TRUE,ShowRing_BreedStandards.xlsx/Sheet1,
American Foxhound,AX,Hound,10.00,11.00,11.00,11.00,9.00,10.00,10.00,7.00,11.00,10.00,breed-judging-v1,TRUE,ShowRing_BreedStandards.xlsx/Sheet1,
Newfoundland,NF,Working,8.00,11.00,11.00,10.00,11.00,11.00,10.00,8.00,10.00,10.00,breed-judging-v1,TRUE,ShowRing_BreedStandards.xlsx/Sheet1,
Akita,AK,Working,10.00,11.00,11.00,10.00,10.00,11.00,10.00,7.00,10.00,10.00,breed-judging-v1,TRUE,ShowRing_BreedStandards.xlsx/Sheet1,
Alaskan Malamute,AM,Working,8.00,11.00,11.00,11.00,11.00,10.00,10.00,7.00,11.00,10.00,breed-judging-v1,TRUE,ShowRing_BreedStandards.xlsx/Sheet1,
Norfolk Terrier,NT,Terrier,12.00,10.00,10.00,10.00,10.00,10.00,10.00,8.00,10.00,10.00,breed-judging-v1,TRUE,ShowRing_BreedStandards.xlsx/Sheet1,
Pomeranian,PE,Toy,11.00,9.00,9.00,9.00,12.00,11.00,10.00,10.00,9.00,10.00,breed-judging-v1,TRUE,ShowRing_BreedStandards.xlsx/Sheet1,
English Toy Spaniel,ET,Toy,11.00,9.00,9.00,9.00,11.00,11.00,11.00,9.00,9.00,11.00,breed-judging-v1,TRUE,ShowRing_BreedStandards.xlsx/Sheet1,
Biewer Terrier,BW,Toy,8.00,10.00,10.00,10.00,11.00,11.00,10.00,10.00,10.00,10.00,breed-judging-v1,TRUE,ShowRing_BreedStandards.xlsx/Sheet1,
Eurasier,EU,Non-Sporting,11.12,10.10,10.10,11.11,11.11,10.10,11.11,6.06,9.09,10.10,breed-judging-v1,TRUE,ShowRing_BreedStandards.xlsx/Sheet1,Source Suggested % total was 99.00; explicitly proportionally normalized to 100.00 for JUDGE-01 validation.
Dutch Shepherd,DS,Herding,8.00,11.00,11.00,11.00,10.00,10.00,10.00,9.00,10.00,10.00,breed-judging-v1,TRUE,ShowRing_BreedStandards.xlsx/Sheet1,
Swedish Vallhund,SV,Herding,9.00,11.00,11.00,13.00,11.00,9.00,12.00,5.00,8.00,11.00,breed-judging-v1,TRUE,ShowRing_BreedStandards.xlsx/Sheet1,
Polish Lowland Sheepdog,PG,Herding,10.00,10.00,10.00,10.00,11.00,10.00,10.00,9.00,10.00,10.00,breed-judging-v1,TRUE,ShowRing_BreedStandards.xlsx/Sheet1,
Korean Jindo,JD,Non-Sporting,11.12,10.10,10.10,11.11,11.11,11.11,11.11,5.05,9.09,10.10,breed-judging-v1,TRUE,ShowRing_BreedStandards.xlsx/Sheet1,Source Suggested % total was 99.00; explicitly proportionally normalized to 100.00 for JUDGE-01 validation.
Carolina Dog,CD,Non-Sporting,11.23,10.20,11.23,11.23,9.18,11.23,11.22,4.08,9.18,11.22,breed-judging-v1,TRUE,ShowRing_BreedStandards.xlsx/Sheet1,Source Suggested % total was 98.00; explicitly proportionally normalized to 100.00 for JUDGE-01 validation.
Australian Terrier,AU,Terrier,10.00,10.00,10.00,10.00,11.00,10.00,10.00,9.00,10.00,10.00,breed-judging-v1,TRUE,ShowRing_BreedStandards.xlsx/Sheet1,
Manchester Terrier,MT,Terrier,11.00,10.00,10.00,10.00,9.00,12.00,10.00,8.00,10.00,10.00,breed-judging-v1,TRUE,ShowRing_BreedStandards.xlsx/Sheet1,
Flat-Coated Retriever,FR,Sporting,8.00,11.00,11.00,11.00,10.00,10.00,11.00,8.00,10.00,10.00,breed-judging-v1,TRUE,ShowRing_BreedStandards.xlsx/Sheet1,
German Wirehaired Pointer,GW,Sporting,10.00,10.00,10.00,10.00,12.00,10.00,10.00,8.00,10.00,10.00,breed-judging-v1,TRUE,ShowRing_BreedStandards.xlsx/Sheet1,
Basenji,BJ,Hound,13.00,10.00,10.00,10.00,9.00,10.00,10.00,8.00,10.00,10.00,breed-judging-v1,TRUE,ShowRing_BreedStandards.xlsx/Sheet1,
Black and Tan Coonhound,BT,Hound,10.00,11.00,11.00,11.00,9.00,10.00,10.00,8.00,10.00,10.00,breed-judging-v1,TRUE,ShowRing_BreedStandards.xlsx/Sheet1,
Keeshond,KH,Non-Sporting,8.00,10.00,10.00,10.00,12.00,10.00,10.00,10.00,10.00,10.00,breed-judging-v1,TRUE,ShowRing_BreedStandards.xlsx/Sheet1,
Chinook,CN,Working,10.00,11.00,11.00,11.00,10.00,10.00,10.00,7.00,10.00,10.00,breed-judging-v1,TRUE,ShowRing_BreedStandards.xlsx/Sheet1,
Phalene,PL,Toy,10.00,10.00,10.00,10.00,10.00,11.00,10.00,9.00,10.00,10.00,breed-judging-v1,TRUE,ShowRing_BreedStandards.xlsx/Sheet1,
Russian Toy,RS,Toy,10.00,10.00,10.00,10.00,10.00,11.00,10.00,9.00,10.00,10.00,breed-judging-v1,TRUE,ShowRing_BreedStandards.xlsx/Sheet1,
Peruvian Inca Orchid,PQ,Non-Sporting,10.00,10.00,10.00,10.00,11.00,10.00,10.00,9.00,10.00,10.00,breed-judging-v1,TRUE,ShowRing_BreedStandards.xlsx/Sheet1,
Kromfohrlander,KR,Non-Sporting,12.25,10.21,10.21,10.20,12.25,9.18,10.20,6.12,9.18,10.20,breed-judging-v1,TRUE,ShowRing_BreedStandards.xlsx/Sheet1,Source Suggested % total was 98.00; explicitly proportionally normalized to 100.00 for JUDGE-01 validation.
Catalan Sheepdog,CP,Herding,11.00,10.00,11.00,10.00,11.00,10.00,10.00,6.00,11.00,10.00,breed-judging-v1,TRUE,ShowRing_BreedStandards.xlsx/Sheet1,
Boerboel,BB,Working,10.00,11.00,11.00,10.00,9.00,11.00,11.00,7.00,10.00,10.00,breed-judging-v1,TRUE,ShowRing_BreedStandards.xlsx/Sheet1,
Finnish Lapphund,FL,Herding,10.00,10.00,10.00,10.00,11.00,10.00,10.00,9.00,10.00,10.00,breed-judging-v1,TRUE,ShowRing_BreedStandards.xlsx/Sheet1,
White Swiss Shepherd,WS,Herding,10.90,10.89,10.89,10.89,10.89,9.90,10.89,5.94,7.92,10.89,breed-judging-v1,TRUE,ShowRing_BreedStandards.xlsx/Sheet1,Source Suggested % total was 101.00; explicitly proportionally normalized to 100.00 for JUDGE-01 validation.
Taiwan Dog,TD,Non-Sporting,11.34,10.31,10.31,11.34,10.31,10.31,11.34,5.15,9.28,10.31,breed-judging-v1,TRUE,ShowRing_BreedStandards.xlsx/Sheet1,Source Suggested % total was 97.00; explicitly proportionally normalized to 100.00 for JUDGE-01 validation.
Grand Basset Griffon Vendeen,GV,Hound,11.00,10.00,10.00,10.00,11.00,10.00,10.00,8.00,10.00,10.00,breed-judging-v1,TRUE,ShowRing_BreedStandards.xlsx/Sheet1,
American Hairless Terrier,AH,Terrier,11.00,10.00,10.00,10.00,11.00,10.00,10.00,8.00,10.00,10.00,breed-judging-v1,TRUE,ShowRing_BreedStandards.xlsx/Sheet1,
Irish Terrier,IT,Terrier,10.00,11.00,11.00,11.00,10.00,10.00,10.00,7.00,10.00,10.00,breed-judging-v1,TRUE,ShowRing_BreedStandards.xlsx/Sheet1,
Soft Coated Wheaten Terrier,SN,Terrier,8.00,10.00,10.00,10.00,12.00,10.00,10.00,10.00,10.00,10.00,breed-judging-v1,TRUE,ShowRing_BreedStandards.xlsx/Sheet1,
Azawakh,AZ,Hound,11.00,11.00,11.00,11.00,8.00,10.00,10.00,8.00,10.00,10.00,breed-judging-v1,TRUE,ShowRing_BreedStandards.xlsx/Sheet1,
Anatolian Shepherd,AN,Working,10.00,11.00,11.00,10.00,9.00,11.00,11.00,7.00,10.00,10.00,breed-judging-v1,TRUE,ShowRing_BreedStandards.xlsx/Sheet1,
Miniature Bull Terrier,MB,Terrier,12.00,10.00,10.00,10.00,9.00,10.00,11.00,8.00,10.00,10.00,breed-judging-v1,TRUE,ShowRing_BreedStandards.xlsx/Sheet1,
Cairn Terrier,CT,Terrier,11.00,10.00,10.00,10.00,11.00,10.00,10.00,8.00,10.00,10.00,breed-judging-v1,TRUE,ShowRing_BreedStandards.xlsx/Sheet1,
Glen of Imaal Terrier,GI,Terrier,10.00,11.00,11.00,10.00,10.00,10.00,10.00,8.00,10.00,10.00,breed-judging-v1,TRUE,ShowRing_BreedStandards.xlsx/Sheet1,
Lowchen,LW,Non-Sporting,11.00,9.00,9.00,9.00,13.00,10.00,10.00,10.00,9.00,10.00,breed-judging-v1,TRUE,ShowRing_BreedStandards.xlsx/Sheet1,
Thai Ridgeback,TR,Non-Sporting,11.00,10.00,10.00,11.00,13.00,10.00,10.00,5.00,9.00,11.00,breed-judging-v1,TRUE,ShowRing_BreedStandards.xlsx/Sheet1,
Belgian Laekenois,LK,Herding,8.00,11.00,11.00,10.00,11.00,10.00,10.00,9.00,10.00,10.00,breed-judging-v1,TRUE,ShowRing_BreedStandards.xlsx/Sheet1,
Pumi,PX,Herding,11.00,10.00,10.00,10.00,10.00,10.00,10.00,9.00,10.00,10.00,breed-judging-v1,TRUE,ShowRing_BreedStandards.xlsx/Sheet1,
Kangal Dog,KG,Working,11.12,10.10,10.10,10.10,11.11,11.11,11.11,5.05,9.09,11.11,breed-judging-v1,TRUE,ShowRing_BreedStandards.xlsx/Sheet1,Source Suggested % total was 99.00; explicitly proportionally normalized to 100.00 for JUDGE-01 validation.
Central Asian Shepherd,CA,Working,11.00,11.00,10.00,10.00,11.00,11.00,11.00,5.00,9.00,11.00,breed-judging-v1,TRUE,ShowRing_BreedStandards.xlsx/Sheet1,
Bouvier des Ardennes,BA,Herding,11.23,10.21,10.20,10.20,11.23,10.20,10.20,6.12,9.18,11.23,breed-judging-v1,TRUE,ShowRing_BreedStandards.xlsx/Sheet1,Source Suggested % total was 98.00; explicitly proportionally normalized to 100.00 for JUDGE-01 validation.
New Guinea Singing Dog,NG,Non-Sporting,12.25,10.21,10.20,12.25,10.20,9.18,12.25,4.08,9.18,10.20,breed-judging-v1,TRUE,ShowRing_BreedStandards.xlsx/Sheet1,Source Suggested % total was 98.00; explicitly proportionally normalized to 100.00 for JUDGE-01 validation.
Drever,DR,Hound,10.00,12.00,10.00,12.00,9.00,12.00,9.00,5.00,9.00,12.00,breed-judging-v1,TRUE,ShowRing_BreedStandards.xlsx/Sheet1,
Porcelaine,PO,Hound,12.13,11.11,9.09,11.11,11.11,9.09,9.09,7.07,9.09,11.11,breed-judging-v1,TRUE,ShowRing_BreedStandards.xlsx/Sheet1,Source Suggested % total was 99.00; explicitly proportionally normalized to 100.00 for JUDGE-01 validation.
Bluetick Coonhound,BK,Hound,10.00,11.00,11.00,11.00,9.00,11.00,10.00,7.00,10.00,10.00,breed-judging-v1,TRUE,ShowRing_BreedStandards.xlsx/Sheet1,
Skye Terrier,SJ,Terrier,10.00,10.00,10.00,9.00,12.00,10.00,10.00,9.00,10.00,10.00,breed-judging-v1,TRUE,ShowRing_BreedStandards.xlsx/Sheet1,
Mudi,MI,Herding,11.00,10.00,10.00,10.00,10.00,10.00,10.00,9.00,10.00,10.00,breed-judging-v1,TRUE,ShowRing_BreedStandards.xlsx/Sheet1,
Bergamasco Sheepdog,BP,Herding,10.00,10.00,10.00,9.00,13.00,10.00,10.00,8.00,10.00,10.00,breed-judging-v1,TRUE,ShowRing_BreedStandards.xlsx/Sheet1,
Appenzeller Sennenhund,AD,Working,10.31,10.31,10.31,10.31,10.31,9.28,12.37,7.21,9.28,10.31,breed-judging-v1,TRUE,ShowRing_BreedStandards.xlsx/Sheet1,Source Suggested % total was 97.00; explicitly proportionally normalized to 100.00 for JUDGE-01 validation.
Saarloos Wolfdog,SF,Working,11.34,10.31,10.31,11.34,10.31,10.31,11.34,5.15,9.28,10.31,breed-judging-v1,TRUE,ShowRing_BreedStandards.xlsx/Sheet1,Source Suggested % total was 97.00; explicitly proportionally normalized to 100.00 for JUDGE-01 validation.
Azores Cattle Dog,AC,Herding,11.11,11.11,11.11,9.09,9.09,9.09,12.13,7.07,9.09,11.11,breed-judging-v1,TRUE,ShowRing_BreedStandards.xlsx/Sheet1,Source Suggested % total was 99.00; explicitly proportionally normalized to 100.00 for JUDGE-01 validation.
Fila Brasileiro,FA,Working,12.25,10.21,10.20,9.18,9.18,12.25,12.25,5.10,9.18,10.20,breed-judging-v1,TRUE,ShowRing_BreedStandards.xlsx/Sheet1,Source Suggested % total was 98.00; explicitly proportionally normalized to 100.00 for JUDGE-01 validation.
Thai Bangkaew Dog,TA,Non-Sporting,10.31,10.31,10.31,10.31,12.37,10.31,10.31,6.18,9.28,10.31,breed-judging-v1,TRUE,ShowRing_BreedStandards.xlsx/Sheet1,Source Suggested % total was 97.00; explicitly proportionally normalized to 100.00 for JUDGE-01 validation.
Podenco Andaluz,PA,Hound,10.42,10.42,10.42,11.46,10.42,10.41,11.46,5.21,9.37,10.41,breed-judging-v1,TRUE,ShowRing_BreedStandards.xlsx/Sheet1,Source Suggested % total was 96.00; explicitly proportionally normalized to 100.00 for JUDGE-01 validation.
Artois Hound,AR,Hound,11.23,11.23,9.18,11.23,9.18,9.18,11.23,7.14,9.18,11.22,breed-judging-v1,TRUE,ShowRing_BreedStandards.xlsx/Sheet1,Source Suggested % total was 98.00; explicitly proportionally normalized to 100.00 for JUDGE-01 validation.
Cesky Terrier,CY,Terrier,10.00,10.00,10.00,10.00,11.00,10.00,10.00,9.00,10.00,10.00,breed-judging-v1,TRUE,ShowRing_BreedStandards.xlsx/Sheet1,
Lakeland Terrier,LT,Terrier,8.00,11.00,11.00,11.00,11.00,10.00,10.00,8.00,10.00,10.00,breed-judging-v1,TRUE,ShowRing_BreedStandards.xlsx/Sheet1,
Sealyham Terrier,SE,Terrier,8.00,11.00,11.00,10.00,11.00,10.00,10.00,9.00,10.00,10.00,breed-judging-v1,TRUE,ShowRing_BreedStandards.xlsx/Sheet1,
Rat Terrier,RA,Terrier,11.00,10.00,10.00,10.00,9.00,12.00,10.00,8.00,10.00,10.00,breed-judging-v1,TRUE,ShowRing_BreedStandards.xlsx/Sheet1,
Entlebucher Mountain Dog,EN,Working,10.00,11.00,11.00,10.00,9.00,11.00,10.00,8.00,10.00,10.00,breed-judging-v1,TRUE,ShowRing_BreedStandards.xlsx/Sheet1,
Caucasian Shepherd,CS,Working,11.00,11.00,10.00,10.00,11.00,11.00,11.00,5.00,9.00,11.00,breed-judging-v1,TRUE,ShowRing_BreedStandards.xlsx/Sheet1,
Perro de Presa Canario,PD,Working,12.37,10.31,10.31,10.31,9.28,10.31,12.37,5.15,9.28,10.31,breed-judging-v1,TRUE,ShowRing_BreedStandards.xlsx/Sheet1,Source Suggested % total was 97.00; explicitly proportionally normalized to 100.00 for JUDGE-01 validation.
Pyrenean Shepherd,PY,Herding,10.00,10.00,10.00,10.00,11.00,10.00,10.00,9.00,10.00,10.00,breed-judging-v1,TRUE,ShowRing_BreedStandards.xlsx/Sheet1,
South Russian Ovcharka,SR,Herding,10.00,10.00,10.00,12.00,16.00,11.00,11.00,3.00,5.00,12.00,breed-judging-v1,TRUE,ShowRing_BreedStandards.xlsx/Sheet1,
Basque Shepherd,AA,Herding,9.00,11.00,11.00,14.00,15.00,8.00,14.00,3.00,5.00,10.00,breed-judging-v1,TRUE,ShowRing_BreedStandards.xlsx/Sheet1,
Hamiltonstovare,HS,Hound,13.00,11.00,11.00,14.00,10.00,14.00,7.00,3.00,6.00,11.00,breed-judging-v1,TRUE,ShowRing_BreedStandards.xlsx/Sheet1,
Black Norwegian Elkhound,BN,Hound,10.00,10.00,10.00,10.00,11.00,10.00,10.00,9.00,10.00,10.00,breed-judging-v1,TRUE,ShowRing_BreedStandards.xlsx/Sheet1,
Treeing Walker Coonhound,TW,Hound,10.00,11.00,11.00,11.00,9.00,10.00,10.00,8.00,10.00,10.00,breed-judging-v1,TRUE,ShowRing_BreedStandards.xlsx/Sheet1,
Bullmastiff,BF,Working,10.00,11.00,11.00,10.00,9.00,11.00,11.00,7.00,10.00,10.00,breed-judging-v1,TRUE,ShowRing_BreedStandards.xlsx/Sheet1,
Rough Collie,RC,Herding,9.00,10.00,10.00,10.00,11.00,10.00,10.00,10.00,10.00,10.00,breed-judging-v1,TRUE,ShowRing_BreedStandards.xlsx/Sheet1,Source breed label 'Collie' mapped to canonical breeds.csv name 'Rough Collie'.
Tosa Inu,TI,Working,14.00,12.00,12.00,14.00,5.00,10.00,14.00,2.00,6.00,11.00,breed-judging-v1,TRUE,ShowRing_BreedStandards.xlsx/Sheet1,
Cirneco dell'Etna,CE,Hound,11.00,10.00,10.00,11.00,9.00,11.00,10.00,8.00,10.00,10.00,breed-judging-v1,TRUE,ShowRing_BreedStandards.xlsx/Sheet1,Source breed label 'Cirneco dell’Etna' mapped to canonical breeds.csv name 'Cirneco dell'Etna'.
Norwegian Elkhound,NE,Hound,10.00,10.00,10.00,10.00,11.00,10.00,10.00,9.00,10.00,10.00,breed-judging-v1,TRUE,ShowRing_BreedStandards.xlsx/Sheet1,
Sloughi,SG,Hound,11.00,11.00,11.00,11.00,8.00,10.00,10.00,8.00,10.00,10.00,breed-judging-v1,TRUE,ShowRing_BreedStandards.xlsx/Sheet1,
Podenco Canario,PC,Hound,12.00,12.00,12.00,18.00,6.00,8.00,8.00,3.00,7.00,14.00,breed-judging-v1,TRUE,ShowRing_BreedStandards.xlsx/Sheet1,
Portuguese Podengo,PZ,Hound,11.00,10.00,10.00,12.00,9.00,10.00,10.00,8.00,10.00,10.00,breed-judging-v1,TRUE,ShowRing_BreedStandards.xlsx/Sheet1,
Finnish Spitz,FS,Hound,12.00,10.00,10.00,10.00,10.00,10.00,10.00,8.00,10.00,10.00,breed-judging-v1,TRUE,ShowRing_BreedStandards.xlsx/Sheet1,
Karelian Bear Dog,KD,Hound,13.00,10.00,10.00,15.00,12.00,12.00,12.00,2.00,5.00,9.00,breed-judging-v1,TRUE,ShowRing_BreedStandards.xlsx/Sheet1,
Halden Hound,HH,Hound,11.00,12.00,12.00,16.00,9.00,11.00,7.00,3.00,8.00,11.00,breed-judging-v1,TRUE,ShowRing_BreedStandards.xlsx/Sheet1,
Hygen Hound,HY,Hound,12.00,10.00,11.00,13.00,10.00,11.00,5.00,5.00,6.00,17.00,breed-judging-v1,TRUE,ShowRing_BreedStandards.xlsx/Sheet1,
Grand Bleu de Gascogne,GB,Hound,18.00,9.00,9.00,10.00,16.00,10.00,8.00,2.00,5.00,13.00,breed-judging-v1,TRUE,ShowRing_BreedStandards.xlsx/Sheet1,
Rhodesian Ridgeback,RR,Hound,10.00,11.00,11.00,11.00,9.00,10.00,10.00,8.00,10.00,10.00,breed-judging-v1,TRUE,ShowRing_BreedStandards.xlsx/Sheet1,
Alaskan Klee Kai,KK,Non-Sporting,10.00,10.00,10.00,10.00,11.00,10.00,10.00,9.00,10.00,10.00,breed-judging-v1,TRUE,ShowRing_BreedStandards.xlsx/Sheet1,
Bolognese,ZB,Toy,11.00,9.00,9.00,9.00,13.00,10.00,10.00,10.00,9.00,10.00,breed-judging-v1,TRUE,ShowRing_BreedStandards.xlsx/Sheet1,
Czechoslovakian Vlciak,VL,Working,10.00,11.00,11.00,11.00,9.00,10.00,10.00,8.00,10.00,10.00,breed-judging-v1,TRUE,ShowRing_BreedStandards.xlsx/Sheet1,
Japanese Akitainu,JA,Non-Sporting,10.00,10.00,10.00,10.00,10.00,11.00,10.00,9.00,10.00,10.00,breed-judging-v1,TRUE,ShowRing_BreedStandards.xlsx/Sheet1,
German Spitz,GG,Non-Sporting,11.00,9.00,9.00,10.00,12.00,10.00,10.00,10.00,9.00,10.00,breed-judging-v1,TRUE,ShowRing_BreedStandards.xlsx/Sheet1,
Kai Ken,KN,Working,11.00,10.00,10.00,10.00,10.00,10.00,10.00,9.00,10.00,10.00,breed-judging-v1,TRUE,ShowRing_BreedStandards.xlsx/Sheet1,
Norrbottenspets,NB,Hound,13.00,11.00,11.00,14.00,11.00,10.00,9.00,2.00,5.00,14.00,breed-judging-v1,TRUE,ShowRing_BreedStandards.xlsx/Sheet3,Source breed label 'Norrbottenspetz' mapped to canonical breeds.csv name 'Norrbottenspets'.
Pyrenean Mastiff,PN,Working,8.00,11.00,11.00,10.00,10.00,10.00,11.00,8.00,11.00,10.00,breed-judging-v1,TRUE,ShowRing_BreedStandards.xlsx/Sheet1,
Yakutian Laika,YL,Working,10.00,10.00,10.00,10.00,11.00,10.00,10.00,9.00,10.00,10.00,breed-judging-v1,TRUE,ShowRing_BreedStandards.xlsx/Sheet1,
Australian Cattle Dog,YY,Herding,10.00,11.00,11.00,11.00,9.00,10.00,10.00,8.00,10.00,10.00,breed-judging-v1,TRUE,ShowRing_BreedStandards.xlsx/Sheet1,
English Cocker,QM,Sporting,11.00,10.00,10.00,10.00,10.00,10.00,10.00,9.00,10.00,10.00,breed-judging-v1,TRUE,ShowRing_BreedStandards.xlsx/Sheet1,Source breed label 'English Cocker Spaniel' mapped to canonical breeds.csv name 'English Cocker'.
American Cocker,QE,Sporting,9.00,10.00,10.00,10.00,10.00,11.00,10.00,10.00,10.00,10.00,breed-judging-v1,TRUE,ShowRing_BreedStandards.xlsx/Sheet1,Source breed label 'Cocker Spaniel' mapped to canonical breeds.csv name 'American Cocker'.
American Water Spaniel,AW,Sporting,10.00,10.00,10.00,10.00,12.00,10.00,10.00,8.00,10.00,10.00,breed-judging-v1,TRUE,ShowRing_BreedStandards.xlsx/Sheet1,
Boykin Spaniel,YK,Sporting,6.00,11.00,11.00,11.00,9.00,11.00,11.00,8.00,11.00,11.00,breed-judging-v1,TRUE,ShowRing_BreedStandards.xlsx/Sheet1,
Clumber Spaniel,CL,Sporting,11.00,11.00,11.00,10.00,9.00,10.00,10.00,8.00,10.00,10.00,breed-judging-v1,TRUE,ShowRing_BreedStandards.xlsx/Sheet1,
Cocker Spaniel,QK,Sporting,9.00,10.00,10.00,10.00,10.00,11.00,10.00,10.00,10.00,10.00,breed-judging-v1,TRUE,ShowRing_BreedStandards.xlsx/Sheet1,
English Cocker Spaniel,EG,Sporting,11.00,10.00,10.00,10.00,10.00,10.00,10.00,9.00,10.00,10.00,breed-judging-v1,TRUE,ShowRing_BreedStandards.xlsx/Sheet1,
English Springer Spaniel,ER,Sporting,8.00,11.00,11.00,11.00,10.00,10.00,10.00,9.00,10.00,10.00,breed-judging-v1,TRUE,ShowRing_BreedStandards.xlsx/Sheet1,
American English Coonhound,EC,Hound,10.00,11.00,11.00,11.00,9.00,10.00,10.00,8.00,10.00,10.00,breed-judging-v1,TRUE,ShowRing_BreedStandards.xlsx/Sheet1,
Dachshund,DH,Hound,11.00,11.00,10.00,9.00,10.00,10.00,10.00,8.00,11.00,10.00,breed-judging-v1,TRUE,ShowRing_BreedStandards.xlsx/Sheet1,
Black Russian Terrier,QR,Working,10.00,10.00,10.00,10.00,11.00,10.00,10.00,9.00,10.00,10.00,breed-judging-v1,TRUE,ShowRing_BreedStandards.xlsx/Sheet1,
Bichon Frise,ZF,Non-Sporting,12.00,9.00,9.00,9.00,12.00,9.00,11.00,11.00,9.00,9.00,breed-judging-v1,TRUE,ShowRing_BreedStandards.xlsx/Sheet1,
Chinese Shar-Pei,ZX,Non-Sporting,13.00,10.00,10.00,9.00,10.00,10.00,10.00,8.00,10.00,10.00,breed-judging-v1,TRUE,ShowRing_BreedStandards.xlsx/Sheet1,
Bearded Collie,VC,Herding,11.00,10.00,10.00,10.00,11.00,9.00,10.00,9.00,10.00,10.00,breed-judging-v1,TRUE,ShowRing_BreedStandards.xlsx/Sheet1,
Cardigan Welsh Corgi,WC,Herding,10.00,11.00,11.00,10.00,9.00,11.00,10.00,8.00,10.00,10.00,breed-judging-v1,TRUE,ShowRing_BreedStandards.xlsx/Sheet1,
Collie,OL,Herding,9.00,10.00,10.00,10.00,11.00,10.00,10.00,10.00,10.00,10.00,breed-judging-v1,TRUE,ShowRing_BreedStandards.xlsx/Sheet1,
Field Spaniel,FD,Sporting,11.00,10.00,10.00,10.00,10.00,10.00,10.00,9.00,10.00,10.00,breed-judging-v1,TRUE,ShowRing_BreedStandards.xlsx/Sheet1,
Irish Red and White Setter,RW,Sporting,11.00,10.00,10.00,10.00,10.00,10.00,10.00,9.00,10.00,10.00,breed-judging-v1,TRUE,ShowRing_BreedStandards.xlsx/Sheet1,
Irish Water Spaniel,UW,Sporting,10.00,10.00,10.00,10.00,12.00,10.00,10.00,8.00,10.00,10.00,breed-judging-v1,TRUE,ShowRing_BreedStandards.xlsx/Sheet1,
German Pinscher,GN,Working,11.00,10.00,10.00,12.00,9.00,10.00,10.00,8.00,10.00,10.00,breed-judging-v1,TRUE,ShowRing_BreedStandards.xlsx/Sheet1,
Giant Schnauzer,GZ,Working,9.00,11.00,11.00,10.00,11.00,10.00,10.00,8.00,10.00,10.00,breed-judging-v1,TRUE,ShowRing_BreedStandards.xlsx/Sheet1,
Great Pyrenees,GY,Working,9.00,10.00,10.00,10.00,11.00,11.00,10.00,9.00,10.00,10.00,breed-judging-v1,TRUE,ShowRing_BreedStandards.xlsx/Sheet1,
Kuvasz,KU,Working,13.00,10.00,10.00,13.00,11.00,10.00,11.00,5.00,7.00,10.00,breed-judging-v1,TRUE,ShowRing_BreedStandards.xlsx/Sheet1,
Mastiff,MF,Working,10.00,11.00,11.00,9.00,9.00,12.00,11.00,7.00,10.00,10.00,breed-judging-v1,TRUE,ShowRing_BreedStandards.xlsx/Sheet1,
Neapolitan Mastiff,NM,Working,11.00,11.00,11.00,9.00,9.00,11.00,11.00,7.00,10.00,10.00,breed-judging-v1,TRUE,ShowRing_BreedStandards.xlsx/Sheet1,
Miniature Schnauzer,MZ,Terrier,8.00,10.00,10.00,10.00,11.00,11.00,10.00,10.00,10.00,10.00,breed-judging-v1,TRUE,ShowRing_BreedStandards.xlsx/Sheet1,
Norwegian Lundehund,NL,Non-Sporting,11.00,10.00,10.00,10.00,9.00,10.00,10.00,8.00,12.00,10.00,breed-judging-v1,TRUE,ShowRing_BreedStandards.xlsx/Sheet1,
Icelandic Sheepdog,IC,Herding,11.00,10.00,10.00,10.00,10.00,10.00,10.00,9.00,10.00,10.00,breed-judging-v1,TRUE,ShowRing_BreedStandards.xlsx/Sheet1,
Norwegian Buhund,NR,Herding,11.00,10.00,10.00,10.00,10.00,10.00,10.00,9.00,10.00,10.00,breed-judging-v1,TRUE,ShowRing_BreedStandards.xlsx/Sheet1,
Sussex Spaniel,SU,Sporting,11.00,11.00,11.00,10.00,10.00,10.00,9.00,8.00,10.00,10.00,breed-judging-v1,TRUE,ShowRing_BreedStandards.xlsx/Sheet1,
Welsh Springer Spaniel,WE,Sporting,13.00,10.00,10.00,10.00,9.00,10.00,10.00,8.00,10.00,10.00,breed-judging-v1,TRUE,ShowRing_BreedStandards.xlsx/Sheet1,
Wirehaired Pointing Griffon,WG,Sporting,10.00,10.00,10.00,10.00,12.00,10.00,10.00,8.00,10.00,10.00,breed-judging-v1,TRUE,ShowRing_BreedStandards.xlsx/Sheet1,
Plott,LP,Hound,10.00,11.00,11.00,11.00,9.00,10.00,10.00,7.00,11.00,10.00,breed-judging-v1,TRUE,ShowRing_BreedStandards.xlsx/Sheet1,
Portuguese Podengo Pequeno,QQ,Hound,13.00,10.00,10.00,10.00,9.00,10.00,10.00,8.00,10.00,10.00,breed-judging-v1,TRUE,ShowRing_BreedStandards.xlsx/Sheet1,
Portuguese Water Dog,WD,Working,9.00,10.00,10.00,10.00,12.00,10.00,10.00,9.00,10.00,10.00,breed-judging-v1,TRUE,ShowRing_BreedStandards.xlsx/Sheet1,
Standard Schnauzer,ZS,Working,9.00,10.00,10.00,10.00,11.00,11.00,10.00,9.00,10.00,10.00,breed-judging-v1,TRUE,ShowRing_BreedStandards.xlsx/Sheet1,
Russell Terrier,RU,Terrier,11.00,10.00,10.00,10.00,9.00,12.00,10.00,8.00,10.00,10.00,breed-judging-v1,TRUE,ShowRing_BreedStandards.xlsx/Sheet1,
Smooth Fox Terrier,XF,Terrier,11.00,11.00,11.00,11.00,9.00,10.00,10.00,7.00,10.00,10.00,breed-judging-v1,TRUE,ShowRing_BreedStandards.xlsx/Sheet1,
Wire Fox Terrier,WF,Terrier,8.00,11.00,11.00,11.00,11.00,10.00,10.00,8.00,10.00,10.00,breed-judging-v1,TRUE,ShowRing_BreedStandards.xlsx/Sheet1,
Pug,UG,Toy,15.00,9.00,9.00,8.00,9.00,11.00,12.00,9.00,9.00,9.00,breed-judging-v1,TRUE,ShowRing_BreedStandards.xlsx/Sheet1,
Silky Terrier,SQ,Toy,10.00,10.00,10.00,10.00,11.00,10.00,10.00,9.00,10.00,10.00,breed-judging-v1,TRUE,ShowRing_BreedStandards.xlsx/Sheet1,
Pembroke Welsh Corgi,PW,Herding,10.00,11.00,11.00,10.00,9.00,11.00,10.00,8.00,10.00,10.00,breed-judging-v1,TRUE,ShowRing_BreedStandards.xlsx/Sheet1,
Basset Fauve de Bretagne,FV,Hound,11.00,10.00,10.00,10.00,10.00,11.00,10.00,8.00,10.00,10.00,breed-judging-v1,TRUE,ShowRing_BreedStandards.xlsx/Sheet1,
Silken Windhound,RD,Hound,10.00,11.00,12.00,15.00,15.00,8.00,9.00,3.00,5.00,12.00,breed-judging-v1,TRUE,ShowRing_BreedStandards.xlsx/Sheet1,
Danish-Swedish Farmdogs,FW,Working,13.00,10.00,10.00,10.00,9.00,10.00,10.00,8.00,10.00,10.00,breed-judging-v1,TRUE,ShowRing_BreedStandards.xlsx/Sheet1,Source breed label 'Danish-Swedish Farmdog' mapped to canonical breeds.csv name 'Danish-Swedish Farmdogs'.
Toy Manchester Terrier,TC,Toy,11.00,10.00,10.00,10.00,9.00,12.00,10.00,8.00,10.00,10.00,breed-judging-v1,TRUE,ShowRing_BreedStandards.xlsx/Sheet1,
Teddy Roosevelt Terrier,TE,Terrier,13.00,10.00,10.00,10.00,9.00,10.00,10.00,8.00,10.00,10.00,breed-judging-v1,TRUE,ShowRing_BreedStandards.xlsx/Sheet1,
Spanish Water Dog,WA,Herding,10.00,10.00,10.00,10.00,12.00,10.00,10.00,8.00,10.00,10.00,breed-judging-v1,TRUE,ShowRing_BreedStandards.xlsx/Sheet1,
Russian Tsvetnaya Bolonka,RE,Toy,11.00,9.00,9.00,9.00,12.00,12.00,10.00,9.00,9.00,10.00,breed-judging-v1,TRUE,ShowRing_BreedStandards.xlsx/Sheet1,
Nederlandse Kooikerhondje,ND,Sporting,11.00,10.00,10.00,10.00,10.00,10.00,10.00,9.00,10.00,10.00,breed-judging-v1,TRUE,ShowRing_BreedStandards.xlsx/Sheet1,
Miniature American Shepherd,MA,Herding,11.00,10.00,10.00,10.00,10.00,10.00,10.00,9.00,10.00,10.00,breed-judging-v1,TRUE,ShowRing_BreedStandards.xlsx/Sheet1,
Lancashire Heeler,LH,Herding,13.00,10.00,10.00,10.00,9.00,10.00,10.00,8.00,10.00,10.00,breed-judging-v1,TRUE,ShowRing_BreedStandards.xlsx/Sheet1,
Berger Picard,PJ,Herding,11.00,10.00,10.00,10.00,10.00,10.00,10.00,9.00,10.00,10.00,breed-judging-v1,TRUE,ShowRing_BreedStandards.xlsx/Sheet1,
Barbet,TG,Sporting,11.00,10.00,10.00,10.00,12.00,10.00,10.00,7.00,10.00,10.00,breed-judging-v1,TRUE,ShowRing_BreedStandards.xlsx/Sheet1,
Hovawart,HO,Working,12.00,10.00,10.00,11.00,11.00,10.00,11.00,6.00,9.00,10.00,breed-judging-v1,TRUE,Hovawart_Scores(1).xlsx,
Nenets Herding Laika,LN,Herding,10.68,9.71,9.71,10.68,11.65,10.68,10.68,4.85,10.68,10.68,breed-judging-v1,TRUE,Nenets Herding Laika_Scores(1).xlsx,Source Suggested % total was 103.00; explicitly proportionally normalized to 100.00 for JUDGE-01 validation.
American Leopard Hound,AL,Hound,12.00,12.00,10.00,12.00,9.00,10.00,10.00,5.00,10.00,10.00,breed-judging-v1,TRUE,New_Breeds_10_Criteria_Scores_MissingUpdated(2).xlsx,
Australian Kelpie,AI,Herding,11.00,11.00,11.00,11.00,9.00,10.00,11.00,6.00,10.00,10.00,breed-judging-v1,TRUE,New_Breeds_10_Criteria_Scores_MissingUpdated(2).xlsx,
Australian Stumpy Tail Cattle Dog,AQ,Herding,13.00,10.00,10.00,10.00,9.00,10.00,10.00,6.00,10.00,12.00,breed-judging-v1,TRUE,New_Breeds_10_Criteria_Scores_MissingUpdated(2).xlsx,
Barbado da Terceira,AO,Herding,13.00,10.00,10.00,10.00,12.00,10.00,10.00,6.00,9.00,10.00,breed-judging-v1,TRUE,New_Breeds_10_Criteria_Scores_MissingUpdated(2).xlsx,
Bavarian Mountain Scent Hound,MS,Hound,8.00,11.00,11.00,12.00,9.00,11.00,11.00,7.00,9.00,11.00,breed-judging-v1,TRUE,New_Breeds_10_Criteria_Scores_MissingUpdated(2).xlsx,
Blue Picardy Spaniel,LU,Sporting,12.00,10.00,10.00,10.00,12.00,9.00,10.00,8.00,9.00,10.00,breed-judging-v1,TRUE,New_Breeds_10_Criteria_Scores_MissingUpdated(2).xlsx,
Bohemian Shepherd,OM,Herding,11.00,10.00,10.00,10.00,12.00,10.00,10.00,8.00,9.00,10.00,breed-judging-v1,TRUE,New_Breeds_10_Criteria_Scores_MissingUpdated(2).xlsx,
Braque du Bourbonnais,RQ,Sporting,9.00,11.00,11.00,11.00,9.00,11.00,11.00,7.00,9.00,11.00,breed-judging-v1,TRUE,New_Breeds_10_Criteria_Scores_MissingUpdated(2).xlsx,
Braque Francais Pyrenean,FP,Sporting,9.00,11.00,11.00,11.00,9.00,11.00,11.00,7.00,9.00,11.00,breed-judging-v1,TRUE,New_Breeds_10_Criteria_Scores_MissingUpdated(2).xlsx,
Braque Saint-Germain,RI,Sporting,9.00,11.00,11.00,11.00,9.00,11.00,11.00,7.00,9.00,11.00,breed-judging-v1,TRUE,New_Breeds_10_Criteria_Scores_MissingUpdated(2).xlsx,
Brazilian Terrier,RZ,Terrier,11.00,11.00,11.00,11.00,9.00,9.00,11.00,7.00,9.00,11.00,breed-judging-v1,TRUE,New_Breeds_10_Criteria_Scores_MissingUpdated(2).xlsx,
Broholmer,RO,Working,12.00,11.00,11.00,9.00,9.00,12.00,11.00,5.00,9.00,11.00,breed-judging-v1,TRUE,New_Breeds_10_Criteria_Scores_MissingUpdated(2).xlsx,
Calupoh,LO,Herding,11.00,11.00,11.00,11.00,9.00,11.00,11.00,5.00,9.00,11.00,breed-judging-v1,TRUE,New_Breeds_10_Criteria_Scores_MissingUpdated(2).xlsx,
Canadian Eskimo Dog,CM,Working,11.00,10.00,10.00,10.00,12.00,12.00,10.00,5.00,10.00,10.00,breed-judging-v1,TRUE,New_Breeds_10_Criteria_Scores_MissingUpdated(2).xlsx,
Catahoula Leopard Dog,LD,Herding,8.00,11.00,11.00,11.00,9.00,11.00,12.00,5.00,11.00,11.00,breed-judging-v1,TRUE,New_Breeds_10_Criteria_Scores_MissingUpdated(2).xlsx,
Croatian Sheepdog,RN,Herding,8.00,11.00,11.00,11.00,12.00,9.00,11.00,7.00,9.00,11.00,breed-judging-v1,TRUE,New_Breeds_10_Criteria_Scores_MissingUpdated(2).xlsx,
Deutscher Wachtelhund,DW,Sporting,7.00,11.00,11.00,11.00,11.00,11.00,11.00,7.00,9.00,11.00,breed-judging-v1,TRUE,New_Breeds_10_Criteria_Scores_MissingUpdated(2).xlsx,
Drentsche Patrijshond,DE,Sporting,7.00,11.00,11.00,11.00,11.00,11.00,11.00,7.00,9.00,11.00,breed-judging-v1,TRUE,New_Breeds_10_Criteria_Scores_MissingUpdated(2).xlsx,
Estrela Mountain Dog,EM,Working,9.00,11.00,11.00,9.00,12.00,12.00,11.00,5.00,9.00,11.00,breed-judging-v1,TRUE,New_Breeds_10_Criteria_Scores_MissingUpdated(2).xlsx,
French Spaniel,FE,Sporting,7.00,11.00,11.00,11.00,11.00,11.00,11.00,7.00,9.00,11.00,breed-judging-v1,TRUE,New_Breeds_10_Criteria_Scores_MissingUpdated(2).xlsx,
German Longhaired Pointer,GL,Sporting,13.00,10.00,10.00,10.00,12.00,10.00,10.00,6.00,9.00,10.00,breed-judging-v1,TRUE,New_Breeds_10_Criteria_Scores_MissingUpdated(2).xlsx,
Hanoverian Scenthound,HA,Hound,8.00,11.00,11.00,12.00,9.00,11.00,11.00,7.00,9.00,11.00,breed-judging-v1,TRUE,New_Breeds_10_Criteria_Scores_MissingUpdated(2).xlsx,
Hokkaido,HK,Working,13.00,10.00,10.00,10.00,10.00,10.00,12.00,5.00,10.00,10.00,breed-judging-v1,TRUE,New_Breeds_10_Criteria_Scores_MissingUpdated(2).xlsx,
Jagdterrier,JG,Terrier,13.00,10.00,10.00,10.00,10.00,9.00,12.00,6.00,10.00,10.00,breed-judging-v1,TRUE,New_Breeds_10_Criteria_Scores_MissingUpdated(2).xlsx,
Japanese Spitz,JS,Non-Sporting,12.00,9.00,9.00,9.00,12.00,9.00,11.00,9.00,9.00,11.00,breed-judging-v1,TRUE,New_Breeds_10_Criteria_Scores_MissingUpdated(2).xlsx,
Japanese Terrier,JT,Terrier,10.00,10.00,10.00,10.00,10.00,10.00,11.00,8.00,10.00,11.00,breed-judging-v1,TRUE,New_Breeds_10_Criteria_Scores_MissingUpdated(2).xlsx,
Kishu Ken,KI,Hound,13.00,10.00,10.00,10.00,10.00,10.00,12.00,5.00,10.00,10.00,breed-judging-v1,TRUE,New_Breeds_10_Criteria_Scores_MissingUpdated(2).xlsx,
Lapponian Herder,LI,Herding,12.00,10.00,10.00,10.00,12.00,10.00,10.00,6.00,10.00,10.00,breed-judging-v1,TRUE,New_Breeds_10_Criteria_Scores_MissingUpdated(2).xlsx,
Large Munsterlander,LM,Sporting,7.00,11.00,11.00,11.00,11.00,11.00,11.00,7.00,9.00,11.00,breed-judging-v1,TRUE,New_Breeds_10_Criteria_Scores_MissingUpdated(2).xlsx,
Lucas Terrier,LC,Terrier,9.00,11.00,11.00,11.00,11.00,9.00,11.00,7.00,9.00,11.00,breed-judging-v1,TRUE,New_Breeds_10_Criteria_Scores_MissingUpdated(2).xlsx,
Mountain Cur,MC,Hound,9.00,11.00,11.00,11.00,9.00,11.00,11.00,5.00,11.00,11.00,breed-judging-v1,TRUE,New_Breeds_10_Criteria_Scores_MissingUpdated(2).xlsx,
Old Danish Pointer,OD,Sporting,9.00,11.00,11.00,11.00,9.00,11.00,11.00,7.00,9.00,11.00,breed-judging-v1,TRUE,New_Breeds_10_Criteria_Scores_MissingUpdated(2).xlsx,
Pont-Audemer Spaniel,PI,Sporting,13.00,10.00,10.00,10.00,12.00,10.00,10.00,6.00,9.00,10.00,breed-judging-v1,TRUE,New_Breeds_10_Criteria_Scores_MissingUpdated(2).xlsx,
Portuguese Pointer,OR,Sporting,9.00,11.00,11.00,11.00,9.00,11.00,11.00,7.00,9.00,11.00,breed-judging-v1,TRUE,New_Breeds_10_Criteria_Scores_MissingUpdated(2).xlsx,
Portuguese Sheepdog,OT,Herding,13.00,10.00,10.00,10.00,12.00,10.00,10.00,6.00,9.00,10.00,breed-judging-v1,TRUE,New_Breeds_10_Criteria_Scores_MissingUpdated(2).xlsx,
Pudelpointer,UD,Sporting,13.00,10.00,10.00,10.00,12.00,10.00,10.00,6.00,9.00,10.00,breed-judging-v1,TRUE,New_Breeds_10_Criteria_Scores_MissingUpdated(2).xlsx,
Rafeiro do Alentejo,RF,Working,10.00,11.00,11.00,9.00,11.00,12.00,11.00,5.00,9.00,11.00,breed-judging-v1,TRUE,New_Breeds_10_Criteria_Scores_MissingUpdated(2).xlsx,
Romanian Carpathian Shepherd,RM,Working,9.00,11.00,11.00,9.00,12.00,12.00,11.00,5.00,9.00,11.00,breed-judging-v1,TRUE,New_Breeds_10_Criteria_Scores_MissingUpdated(2).xlsx,
Romanian Mioritic Shepherd Dog,RH,Working,9.00,11.00,11.00,9.00,12.00,12.00,11.00,5.00,9.00,11.00,breed-judging-v1,TRUE,New_Breeds_10_Criteria_Scores_MissingUpdated(2).xlsx,
Schapendoes,HP,Herding,12.00,10.00,10.00,10.00,12.00,9.00,10.00,8.00,9.00,10.00,breed-judging-v1,TRUE,New_Breeds_10_Criteria_Scores_MissingUpdated(2).xlsx,
Segugio Italiano,EI,Hound,8.00,11.00,11.00,12.00,9.00,11.00,11.00,7.00,9.00,11.00,breed-judging-v1,TRUE,New_Breeds_10_Criteria_Scores_MissingUpdated(2).xlsx,
Shikoku Ken,HI,Hound,13.00,10.00,10.00,10.00,10.00,10.00,12.00,5.00,10.00,10.00,breed-judging-v1,TRUE,New_Breeds_10_Criteria_Scores_MissingUpdated(2).xlsx,
Slovensky Cuvac,LV,Herding,9.00,11.00,11.00,9.00,12.00,12.00,11.00,5.00,9.00,11.00,breed-judging-v1,TRUE,New_Breeds_10_Criteria_Scores_MissingUpdated(2).xlsx,
Slovensky Kopov,LE,Hound,10.00,11.00,11.00,12.00,9.00,9.00,11.00,7.00,9.00,11.00,breed-judging-v1,TRUE,New_Breeds_10_Criteria_Scores_MissingUpdated(2).xlsx,
Slovakian Wirehaired Pointer,OV,Sporting,7.00,11.00,11.00,11.00,11.00,11.00,11.00,7.00,9.00,11.00,breed-judging-v1,TRUE,New_Breeds_10_Criteria_Scores_MissingUpdated(2).xlsx,
Spanish Mastiff,PF,Working,12.00,10.00,10.00,9.00,10.00,13.00,12.00,5.00,9.00,10.00,breed-judging-v1,TRUE,New_Breeds_10_Criteria_Scores_MissingUpdated(2).xlsx,
Stabyhoun,TY,Sporting,7.00,11.00,11.00,11.00,11.00,11.00,11.00,7.00,9.00,11.00,breed-judging-v1,TRUE,New_Breeds_10_Criteria_Scores_MissingUpdated(2).xlsx,
Swedish Lapphund,WI,Herding,13.00,9.00,9.00,9.00,12.00,9.00,11.00,8.00,9.00,11.00,breed-judging-v1,TRUE,New_Breeds_10_Criteria_Scores_MissingUpdated(2).xlsx,
Tornjak,TO,Working,9.00,11.00,11.00,9.00,12.00,12.00,11.00,5.00,9.00,11.00,breed-judging-v1,TRUE,New_Breeds_10_Criteria_Scores_MissingUpdated(2).xlsx,
Transylvania Hound,TH,Hound,8.00,11.00,11.00,12.00,9.00,11.00,11.00,7.00,9.00,11.00,breed-judging-v1,TRUE,New_Breeds_10_Criteria_Scores_MissingUpdated(2).xlsx,Source breed label 'Transylvanian Hound' mapped to canonical breeds.csv name 'Transylvania Hound'.
Treeing Tennessee Brindle,TN,Hound,8.00,11.00,11.00,12.00,9.00,11.00,11.00,5.00,11.00,11.00,breed-judging-v1,TRUE,New_Breeds_10_Criteria_Scores_MissingUpdated(2).xlsx,Source breed label 'Treeing Tennessee Brindle Coonhound' mapped to canonical breeds.csv name 'Treeing Tennessee Brindle'.
Volpino Italiano,VI,Toy,12.00,9.00,9.00,9.00,12.00,9.00,11.00,9.00,9.00,11.00,breed-judging-v1,TRUE,New_Breeds_10_Criteria_Scores_MissingUpdated(2).xlsx,
Wetterhoun,WR,Sporting,13.00,10.00,10.00,10.00,12.00,10.00,10.00,6.00,9.00,10.00,breed-judging-v1,TRUE,New_Breeds_10_Criteria_Scores_MissingUpdated(2).xlsx,
Working Kelpie,WK,Herding,9.00,12.00,12.00,13.00,8.00,9.00,13.00,4.00,10.00,10.00,breed-judging-v1,TRUE,New_Breeds_10_Criteria_Scores_MissingUpdated(2).xlsx,
